2025-07-23-00:33:12,787rCZF9i4L1cXGMkdyIk4,LVL,A$AP Rocky
2025-07-23-00:29:31,456tPmLLrNb6ZRTeyS2h80,Mirror's Edge,"Leon Vynehall, POiSON ANNA"
2025-07-23-00:25:34,59N5Xs2k47ESLEeRB84hWW,fafo,Zack Fox
2025-07-23-00:19:44,1gExMyY0hcnLisq9OJRabP,Magic Mountain,Hollow Ship
2025-07-23-00:14:43,1zernkB5Phm2u3ljkyNm5g,Cosmic Salami,Favourite People
2025-07-23-00:09:53,5ATvDMT55TbCoc7w8D2kME,PURPLE FISH,Persona non grata
2025-07-23-00:07:05,3hUcQAc8bkVpbyZkjTyeA1,Dreamtiming,The Frowning Clouds
2025-07-22-23:54:48,4Sapcp022sWJAyZdAvsRfI,Unspoken Thoughts,Rad&Co
2025-07-22-23:51:16,0HeEz3p1yVoAIOjAULJzrD,Foaming,Day We Ran
2025-07-22-23:46:50,4CO3RAUrP2TSTtdV6r1ylI,"Forgive Me, My Lizard",The Re-Stoned
2025-07-22-23:43:37,40oMDrqiESAbKzfnK6avpB,Truisms 4 Dummies,Headache
2025-07-22-23:39:35,5Pxw4MqAFpXufdGhnAmYgI,Primrose (feat. Naisha),"NATE08, Naisha"
2025-07-22-23:35:36,5zquV7va41xkZZNXWBA4Tw,Summertime,Rosinha De Valença
2025-07-22-23:31:40,6qLVo5JpSG4cAjKewVWuZW,Kia Ora,Spellspellspell
2025-07-22-23:29:49,3ZGQDdB9ihULtXlwRnrzIP,parandrus,"Wun Two, Fed Nance"
2025-07-22-23:27:27,7DTNzF3LTCmiRiGiWSzRTK,Accade De Bali,OJ Son
2025-07-22-23:24:47,1cNIKbGR2HwEOvlSiDePw3,Guajira Con Arpa,"El Dragón Criollo, El Palmas, Hugo Blanco"
2025-07-22-23:21:23,50UhNHLbcsA2KFmbTBaVpN,Apollon musagète: Apotheose,Igor Stravinsky
2025-07-22-23:17:34,2ezK9VkdWwLEBZYSs30cHM,Pictures at an Exhibition (Orch. Ravel): Promenade 1 - Recorded 1966,"Modest Mussorgsky, Berliner Philharmoniker, Herbert von Karajan"
2025-07-22-23:13:00,2dVmZ5FPuBsZY8XwK7CRSc,ALICE.,jev.
2025-07-22-23:10:00,4egwGq65exfjAIb1UKPGMw,Logic,Euology
2025-07-22-23:06:20,0IvUzzZaQ6d225n2kZ78BA,La Bruja Negra - Remastered,Joe Torres
2025-07-22-23:03:30,72drWEkTPrXbMZqENQGubi,Between I Am and You Are,Don Philippe
2025-07-22-23:02:03,2fjYEvE8C77xuKoTebcyQy,Fly High,Jeremy Black
2025-07-22-19:05:16,6Vw6FzEMlscaRre5biLxYc,Payador,Tim Hill
2025-07-22-19:02:14,7svM6oRnsecnQd30A6prDc,Particle Emission,Silver Maple
2025-07-22-18:59:30,7r9AaRUqLLERHSRiOwCm3o,Mercury,Hyperdrive Sound
2025-07-22-18:55:29,06mLrrjEz0SlqWrf2VP9rw,Bola Bola En El Tres,Los Wembler's de Iquitos
2025-07-22-18:53:26,1UMF4tcuC8J1XpJ1qp9Ws3,Gungala nido,"Luigi Malatesta, Franco Bixio, Sandro Brugnolini"
2025-07-22-18:50:50,6ooyLJdoydvUuk1PM82Cit,Weed,Sleepdealer
2025-07-22-18:48:39,5tcxo2d9Dhn0HuQydcLYvr,The Corner Table,Little Island Leap
2025-07-22-18:46:29,3YG4jYyHODDmz8mkQDzw74,Projections,José Junior
2025-07-22-18:31:49,2yQonEmGFMKyfyEIP8luZm,West of the Soul,River Foxcroft
2025-07-22-18:29:01,4Yt3Me2UVTSmPcRBLjexe8,nothing but love,Bassti
2025-07-22-18:26:21,61pCL1xcX2NDrkrOnQRzf9,New Habits,Room Service
2025-07-22-18:22:53,6wHwdI0GQ0fK9EslguDhjP,Footsteps,JJ Grey & Mofro
2025-07-22-18:20:33,1zernkB5Phm2u3ljkyNm5g,Cosmic Salami,Favourite People
2025-07-22-18:16:33,2vRjsevHyCwch58NZYHCR7,Take Me To Beijing (一起回北京),Chinese American Bear
2025-07-22-18:13:04,5ATvDMT55TbCoc7w8D2kME,PURPLE FISH,Persona non grata
2025-07-22-18:10:43,5ATvDMT55TbCoc7w8D2kME,PURPLE FISH,Persona non grata
2025-07-22-17:42:42,1nzuxI1V5mXGylN4Kvcoy6,Crystal Skies,"VXLLAIN, iGRES, ENXK"
2025-07-22-17:39:53,0jhgOpwjx6TgKmiUkuV3ba,Again And Again,"Jagged Jaw, MINOVA"
2025-07-22-17:36:10,4Sapcp022sWJAyZdAvsRfI,Unspoken Thoughts,Rad&Co
2025-07-22-17:23:50,0HeEz3p1yVoAIOjAULJzrD,Foaming,Day We Ran
2025-07-22-17:20:07,3RslkK33L2pkP7cDjP20Wu,Saro,The Westerlies
2025-07-22-17:15:14,2dVmZ5FPuBsZY8XwK7CRSc,ALICE.,jev.
2025-07-22-17:12:12,4egwGq65exfjAIb1UKPGMw,Logic,Euology
2025-07-22-17:08:31,0IvUzzZaQ6d225n2kZ78BA,La Bruja Negra - Remastered,Joe Torres
2025-07-22-17:04:49,72drWEkTPrXbMZqENQGubi,Between I Am and You Are,Don Philippe
2025-07-22-16:48:27,2gE95JskwQ1pCACTpGe1Db,Down On The Corner,Creedence Clearwater Revival
